,method,time
0,t-SNE,29.504466772079468
1,Multicore t-SNE,14.302932739257812
2,Umap,7.528846740722656
3,NCVis,0.9122929573059082
